# Look-alike audit, part 2: where every shipped image, icon, font, sound and video came from.
# Checked by scripts/lookalike-check.py: an asset with no row fails lint; --gate also fails while a row is unverified or unknown.
# kind: own-drawn | own-generated | ai-generated | traced-from-ai | upstream | screenshot | unknown
# path is a glob; an asset is covered if any row matches it.
path,kind,source,license,made_by,status,notes
branding/logo/*,own-generated,"branding/logo/make-brand.py, one design",CC-BY-SA-4.0,Spanglish Enterprises LLC,verified,branding/logo/CREDITS.md: original artwork; every logo file is generated from one design
packaging/parchaos-logos/*,own-generated,copies of the logo files make-brand.py writes,CC-BY-SA-4.0,Spanglish Enterprises LLC,verified,parchaos-logo.svg is byte-identical to packaging/parchaos-release/files/parchaos-logo.svg
packaging/parchaos-release/files/*,own-generated,branding/logo/make-brand.py,CC-BY-SA-4.0,Spanglish Enterprises LLC,verified,listed in make-brand.py
packaging/parchaos-global-menu/files/parchaos-menu-icon-symbolic.svg,own-generated,branding/logo/make-brand.py,CC-BY-SA-4.0,Spanglish Enterprises LLC,verified,listed in make-brand.py
packaging/parchaos-gtk-theme/parchaos-activities.svg,own-generated,branding/logo/make-brand.py,CC-BY-SA-4.0,Spanglish Enterprises LLC,verified,listed in make-brand.py; replaces the third-party theme's logo button
packaging/parchaos-gdm-logo/files/*,own-generated,branding/logo/make-brand.py (word mark),CC-BY-SA-4.0,Spanglish Enterprises LLC,verified,listed in make-brand.py
packaging/parchaos-gnome-wallpaper/files/*,own-generated,branding/logo/make-brand.py (gradient and logo watermark),CC-BY-SA-4.0,Spanglish Enterprises LLC,verified,listed in make-brand.py
packaging/parchaos-gnome-plymouth-theme/files/parcha-plymouth/watermark.png,own-generated,branding/logo/make-brand.py (word mark),CC-BY-SA-4.0,Spanglish Enterprises LLC,verified,listed in make-brand.py
packaging/parchaos-gnome-plymouth-theme/files/parcha-plymouth/*,upstream,"Fedora plymouth-theme-spinner (throbber, animation frames, password prompt icons)",GPL-2.0-or-later,Fedora Project,verified,parchaos-gnome-plymouth-theme.spec: stock content kept as-is; only the watermark and colour were changed
packaging/parchaos-gnome-calamares-config/files/etc/calamares/branding/ParchaOS/icon.png,own-generated,branding/logo/make-brand.py,CC-BY-SA-4.0,Spanglish Enterprises LLC,verified,listed in make-brand.py
packaging/parchaos-gnome-calamares-config/files/etc/calamares/branding/ParchaOS/logo.png,own-generated,branding/logo/make-brand.py,CC-BY-SA-4.0,Spanglish Enterprises LLC,verified,listed in make-brand.py
packaging/parchaos-gnome-calamares-config/files/etc/calamares/branding/ParchaOS/welcome.png,unknown,base image inherited; make-brand.py replaces only the logo tile,unknown,unknown,unverified,"find where the base image came from (pearOS or Pulsar OS installer branding?) and its licence, or redraw it"
packaging/parchaos-gnome-calamares-config/files/etc/calamares/branding/ParchaOS/slide1.png,unknown,base image inherited; make-brand.py replaces only the logo tile,unknown,unknown,unverified,"find where the base image came from and its licence, or redraw it"
packaging/parchaos-icon-theme/parchaos-icons/pafari.svg,unknown,"generic browser icon, file named after a Safari pun",unknown,unknown,unverified,README.md says generic browser icon; check the drawing against the reference icon and rename the file
packaging/parchaos-icon-theme/parchaos-icons/*,own-generated,packaging/parchaos-icon-theme/parchaos-icons/generate.py,CC-BY-SA-4.0,Spanglish Enterprises LLC,verified,"README.md and the spec: original icons generated by generate.py, replacing the third-party theme's copies of Apple's"
packaging/parchaos-icon-theme/parchaos-launcher-symbolic.svg,own-generated,copy of parchaos-icons/parchaos-launcher-symbolic.svg,CC-BY-SA-4.0,Spanglish Enterprises LLC,verified,byte-identical to the generated file
packaging/parchaos-gtk-theme/parchaos-launcher.svg,own-generated,copy of parchaos-icons/parchaos-launcher.svg,CC-BY-SA-4.0,Spanglish Enterprises LLC,verified,byte-identical to the generated file
packaging/parchaos-browser/parcha-browser.svg,own-generated,copy of parchaos-icons/parcha-browser.svg,CC-BY-SA-4.0,Spanglish Enterprises LLC,verified,byte-identical to the generated file
packaging/parchaos-cloud/files/usr/share/icons/*,own-generated,copies of parchaos-icons/parchaos-cloud.svg (generate.py),CC-BY-SA-4.0,Spanglish Enterprises LLC,verified,the scalable file is byte-identical to the generated one; the symbolic file should be checked the same way
packaging/parchaos-controls/files/icons/*,own-drawn,Parcha Controls top-bar glyph (ticket #135),CC-BY-SA-4.0,Spanglish Enterprises LLC,verified,parchaos-controls.spec: original glyph
packaging/parchaos-yin-yang/files/*,upstream,Yin-Yang application icon,see the upstream project (not yet checked),Yin-Yang authors,unverified,check the upstream licence for the icon file in the packaged release
packaging/parchaos-hanabi/files/*,upstream,Hanabi extension icon,see the upstream project (not yet checked),jeffshee and contributors,unverified,check the upstream licence for the icon file in the packaged release
packaging/parchaos-sky/files/org.parchaos.Sky.svg,ai-generated,app icon drawn in code by an AI under the owner's direction,CC-BY-SA-4.0,Spanglish Enterprises LLC,unverified,AI-made: copyright is uncertain (see the Parchi artwork ticket); confirm the position with counsel
packaging/parchaos-sky/files/parchi-*.svgz,traced-from-ai,traced to vectors from the Parchi character kit made with Google Gemini,CC-BY-SA-4.0 (to the extent any rights exist),"Gemini (Google), directed by the owner; traced with VTracer",unverified,nothing paid with it until a human artist redoes it (Parchi ticket); LEGAL.md wording undecided
packaging/parchaos-sky/screenshots/*,screenshot,screenshots of Parcha Sky running in a test shell,CC-BY-SA-4.0,Spanglish Enterprises LLC,unverified,they show the Parchi artwork (see above)
docs/screenshots/*,screenshot,screenshots of ParchaOS running,CC-BY-SA-4.0,Spanglish Enterprises LLC,verified,our own desktop; includes third-party apps and the MacTahoe-based theme
docs/icon-review.png,unknown,a review sheet of icons,unknown,unknown,unverified,find out what it shows and whether it contains third-party icons; remove it if it does
